hex_triplet,red,green,blue,hue,hsl_saturation,hsl_light,hsv_saturation,hsv_value,name
F0F8FF,240,248,255,208,100,97,6,100,Alice blue,NULL
E32636,227,38,54,355,77,52,83,89,Alizarin crimson,NULL
EFDECD,239,222,205,30,52,87,14,94,Almond,NULL
E52B50,229,43,80,348,78,53,81,90,Amaranth,NULL
FFBF00,255,191,0,45,100,50,100,100,Amber,NULL
FF7E00,255,126,0,30,100,50,100,100,Amber (SAE/ECE),NULL
FF033E,255,3,62,346,100,51,99,87,American rose,NULL
9966CC,153,102,204,270,50,60,50,80,Amethyst,NULL
A4C639,164,198,57,74,55,50,71,78,Android Green,NULL
CD9575,205,149,117,22,47,63,43,80,Antique brass,NULL
915C83,145,92,131,316,22,47,37,57,Antique fuchsia,NULL
8DB600,141,182,0,74,100,36,100,71,Apple green,NULL
FBCEB1,251,206,177,24,90,84,29,98,Apricot,NULL
7FFFD4,127,255,212,160,50,36,50,100,Aquamarine,NULL
4B5320,75,83,32,69,44,23,61,33,Army green,NULL
3B444B,59,68,75,206,12,26,21,29,Arsenic,NULL
B2BEB5,178,190,181,135,9,72,6,75,Ash grey,NULL
87A96B,135,169,107,93,27,54,37,66,Asparagus,NULL
FF9966,255,153,102,20,100,70,60,100,Atomic tangerine,NULL
A52A2A,165,42,42,0,59,41,74,64,Auburn,NULL
FDEE00,253,238,0,56,100,50,100,99,Aureolin,NULL
6E7F80,110,127,128,183,8,47,14,50,AuroMetalSaurus,NULL
007FFF,0,127,255,210,100,50,100,100,Azure,NULL
F0FFFF,240,255,255,180,100,97,6,100,Azure mist/web,NULL
89CFF0,137,207,240,199,80,71,43,94,Baby blue,NULL
A1CAF1,161,202,241,209,74,79,33,95,Baby blue eyes,NULL
21ABCD,33,171,205,192,72,47,84,80,Ball Blue,NULL
FAE7B5,250,231,181,43,87,85,28,98,Banana Mania,NULL
FFE135,255,225,53,51,100,60,79,100,Banana yellow,NULL
848482,132,132,130,60,1,51,2,52,Battleship grey,NULL
98777B,152,119,123,353,14,53,22,60,Bazaar,NULL
BCD4E6,188,212,230,206,46,82,18,90,Beau blue,NULL
9F8170,159,129,112,22,20,53,35,63,Beaver,NULL
F5F5DC,245,245,220,60,56,91,10,96,Beige,NULL
FFE4C4,255,228,196,33,100,88,23,100,Bisque,NULL
3D2B1F,61,43,31,24,33,18,49,24,Bistre,NULL
FE6F5E,254,111,94,6,99,68,63,100,Bittersweet,NULL
000000,0,0,0,0,0,0,0,0,Black,Black
FFEBCD,255,235,205,36,100,90,20,100,Blanched Almond,NULL
318CE7,49,140,231,210,79,55,79,91,Bleu de France,NULL
ACE5EE,172,229,238,188,66,80,28,93,Blizzard Blue,NULL
FAF0BE,250,240,190,50,86,86,24,98,Blond,NULL
0000FF,0,0,255,240,100,50,100,100,Blue,Blue
1F75FE,31,117,254,217,99,56,99,100,Blue (Crayola),NULL
0093AF,0,147,175,190,100,34,100,68,Blue (Munsell),NULL
0087BD,0,135,189,197,100,37,100,74,Blue (NCS),NULL
333399,51,51,153,240,50,40,67,60,Blue (pigment),NULL
0247FE,2,71,254,224,99,50,99,99,Blue (RYB),NULL
A2A2D0,162,162,208,240,33,73,22,81,Blue Bell,NULL
6699CC,102,153,204,210,50,60,50,80,Blue Gray,NULL
0D98BA,13,152,186,192,87,39,93,73,Blue-green,NULL
8A2BE2,138,43,226,271,76,53,81,89,Blue-purple,NULL
DE5D83,222,93,131,342,66,62,58,87,Blush,NULL
79443B,121,68,59,9,34,35,24,34,Bole,NULL
E3DAC9,227,218,201,39,75,81,30,95,Bone,NULL
CC0000,204,0,0,0,100,40,100,80,Boston University Red,NULL
006A4E,0,106,78,164,100,21,100,41,Bottle green,NULL
873260,135,50,96,328,46,36,63,53,Boysenberry,NULL
0070FF,0,112,255,214,100,50,100,100,Brandeis blue,NULL
B5A642,181,166,66,52,47,48,64,71,Brass,NULL
CB4154,203,65,84,352,57,53,68,80,Brick red,NULL
1DACD6,29,172,214,194,76,48,86,84,Bright cerulean,NULL
66FF00,102,255,0,96,100,50,100,100,Bright green,NULL
BF94E4,191,148,228,272,60,74,35,89,Bright lavender,NULL
C32148,195,33,72,346,71,45,75,38,Bright maroon,NULL
08E8DE,8,232,222,177,93,47,97,91,Bright turquoise,NULL
D19FE8,209,159,232,281,61,77,31,91,Bright ube,NULL
F4BBFF,244,187,255,290,100,87,27,100,Brilliant lavender,NULL
FF55A3,255,85,163,332,100,67,67,100,Brilliant rose,NULL
FB607F,251,96,127,348,95,68,62,98,Brink pink,NULL
004225,0,66,37,154,100,13,100,26,British racing green,NULL
CD7F32,205,127,50,30,61,50,76,80,Bronze,NULL
964B00,150,75,0,30,100,29,100,59,Brown (traditional),NULL
FFC1CC,255,193,204,349,91,87,23,99,Bubble gum,NULL
E7FEFF,231,254,255,183,100,95,9,100,Bubbles,NULL
F0DC82,240,220,130,49,79,73,46,94,Buff,NULL
480607,72,6,7,359,85,15,92,28,Bulgarian rose,NULL
800020,128,0,32,345,100,25,100,50,Burgundy,NULL
DEB887,222,184,135,34,57,70,39,87,Burlywood,NULL
CC5500,204,85,0,25,100,40,100,80,Burnt orange,NULL
E97451,233,116,81,14,78,62,65,91,Burnt sienna,NULL
8A3324,138,51,36,9,59,34,74,54,Burnt umber,NULL
BD33A4,189,51,164,311,58,47,73,74,Byzantine,NULL
702963,112,41,99,311,46,30,63,44,Byzantium,NULL
536872,83,104,114,199,18,40,31,47,Cadet,NULL
5F9EA0,95,158,160,182,26,50,41,63,Cadet blue,NULL
91A3B0,145,163,176,205,16,63,18,69,Cadet grey,NULL
006B3C,0,107,60,154,100,21,100,42,Cadmium green,NULL
ED872D,237,135,45,28,84,55,81,93,Cadmium orange,NULL
E30022,227,0,34,351,100,45,100,89,Cadmium red,NULL
FFF600,255,246,0,58,100,50,93,100,Cadmium yellow,NULL
A67B5B,166,123,91,26,30,50,45,65,Café au lait,NULL
4B3621,75,54,33,30,39,21,56,29,Café noir,NULL
1E4D2B,30,77,43,137,44,21,61,30,Cal Poly Pomona green,NULL
A3C1AD,163,193,173,140,20,70,40,193,Cambridge Blue,NULL
78866B,120,134,107,91,11,47,20,53,Camouflage green,NULL
FFEF00,255,239,0,56,100,50,100,100,Canary yellow,NULL
FF0800,255,8,0,2,100,50,100,100,Candy apple red,NULL
E4717A,228,113,122,355,68,67,50,89,Candy pink,NULL
00BFFF,0,191,255,195,100,50,100,100,Capri,NULL
592720,89,39,32,7,47,24,64,35,Caput mortuum,NULL
C41E3A,196,30,58,350,74,44,85,77,Cardinal,NULL
00CC99,0,204,153,165,100,40,100,44,Caribbean green,NULL
FF0040,255,0,64,345,100,50,100,50,Carmine,NULL
EB4C42,235,76,66,4,81,59,72,92,Carmine pink,NULL
FF0038,255,0,56,347,100,50,100,100,Carmine red,NULL
FFA6C9,255,166,201,336,100,83,35,100,Carnation pink,NULL
B31B1B,179,27,27,0,74,40,85,70,Carnelian,NULL
99BADD,153,186,221,211,57,75,31,87,Carolina blue,NULL
ED9121,237,145,33,33,85,53,86,93,Carrot orange,NULL
92A1CF,146,161,207,225,39,69,30,81,Ceil,NULL
ACE1AF,172,225,175,123,48,35,47,73,Celadon,NULL
007BA7,0,123,167,196,100,33,100,65,Celadon Blue,NULL
B2FFFF,178,255,255,180,100,85,30,100,Celeste (colour),NULL
4997D0,73,151,208,205,59,55,65,81,Celestial blue,NULL
EC3B83,236,59,131,336,82,58,75,93,Cerise pink,NULL
2A52BE,42,82,190,224,64,46,78,75,Cerulean blue,NULL
007AA5,0,122,165,196,100,32,100,65,CG Blue,NULL
E03C31,224,60,49,4,74,54,78,88,CG Red,NULL
A0785A,160,120,90,26,28,49,44,63,Chamoisee,NULL
36454F,54,69,79,204,19,26,31,31,Charcoal,NULL
DFFF00,223,255,0,68,100,50,100,100,Chartreuse (traditional),NULL
7FFF00,127,255,0,90,100,50,100,100,Chartreuse (web),NULL
DE3163,222,49,99,343,72,53,78,87,Cherry,NULL
FFB7C5,255,183,197,348,100,86,28,100,Cherry blossom pink,NULL
7B3F00,123,63,0,31,100,24,100,48,Chocolate (traditional),NULL
D2691E,210,105,30,25,75,47,86,82,Chocolate (web),NULL
FFA700,255,167,0,39,100,50,100,100,Chrome yellow,NULL
98817B,152,129,123,12,12,54,19,60,Cinereous,NULL
E4D00A,228,208,10,54,92,47,96,89,Citrine,NULL
FBCCE7,251,204,231,326,86,89,100,20,Classic rose,NULL
0047AB,0,71,171,215,100,34,100,67,Cobalt,NULL
6F4E37,111,78,55,25,34,33,51,44,Coffee,NULL
9BDDFF,155,221,255,200,100,80,39,100,Columbia blue,NULL
002E63,0,46,99,212,100,19,100,39,Cool black,NULL
8C92AC,140,146,172,229,16,61,19,68,Cool grey,NULL
B87333,184,115,51,29,57,46,72,72,Copper,NULL
996666,153,102,102,0,20,50,33,60,Copper rose,NULL
FF3800,255,56,0,13,100,50,100,100,Coquelicot,NULL
FF7F50,255,127,80,16,100,66,69,100,Coral,NULL
F88379,248,131,121,5,90,72,51,97,Coral pink,NULL
FF4040,255,64,64,0,100,63,75,100,Coral red,NULL
893F45,137,63,69,355,37,39,89,94,Cordovan,NULL
FBEC5D,251,236,93,54,95,68,63,98,Corn,NULL
6495ED,100,149,237,219,79,66,58,93,Cornflower blue,NULL
FFF8DC,255,248,220,48,100,93,14,100,Cornsilk,NULL
FFF8E7,255,248,231,43,100,95,9,100,Cosmic latte,NULL
FFBCD9,255,188,217,334,100,87,26,100,Cotton candy,NULL
FFFDD0,255,253,208,57,100,91,18,100,Cream,NULL
DC143C,220,20,60,348,83,47,91,86,Crimson,NULL
BE0032,190,0,50,344,100,37,100,75,Crimson glory,NULL
00FFFF,0,255,255,180,100,50,100,100,Cyan,Cyan
00B7EB,0,183,235,193,100,46,100,92,Cyan (process),NULL
FFFF31,255,255,49,60,100,60,81,100,Daffodil,NULL
F0E130,240,225,48,55,87,57,80,94,Dandelion,NULL
00008B,0,0,139,240,100,27,100,55,Dark blue,NULL
5D3954,93,57,84,315,24,29,39,37,Dark byzantium,NULL
A40000,164,0,0,0,100,32,100,64,Dark candy apple red,NULL
08457E,8,69,126,209,88,26,94,49,Dark cerulean,NULL
986960,152,105,96,10,23,49,37,60,Dark chestnut,NULL
CD5B45,205,91,69,10,58,54,66,80,Dark coral,NULL
008B8B,0,139,139,180,100,27,24,100,Dark cyan,NULL
B8860B,184,134,11,43,89,38,94,72,Dark goldenrod,NULL
A9A9A9,169,169,169,0,0,66,0,66,Dark gray,NULL
013220,1,50,32,158,96,10,98,20,Dark green,NULL
1A2421,26,36,33,162,16,12,10,10,Dark jungle green,NULL
BDB76B,189,183,107,56,38,58,43,74,Dark khaki,NULL
734F96,115,79,150,270,31,45,47,59,Dark lavender,NULL
8B008B,139,0,139,300,100,27,100,55,Dark magenta,NULL
003366,0,51,102,210,100,20,100,40,Dark midnight blue,NULL
556B2F,85,107,47,82,39,30,56,42,Dark olive green,NULL
FF8C00,255,140,0,33,100,50,100,94,Dark orange,NULL
9932CC,153,50,204,280,61,50,75,80,Dark orchid,NULL
779ECB,119,158,203,212,45,63,41,80,Dark pastel blue,NULL
03C03C,3,192,60,138,97,38,98,75,Dark pastel green,NULL
966FD6,150,111,214,263,56,64,48,84,Dark pastel purple,NULL
C23B22,194,59,34,9,70,45,82,76,Dark pastel red,NULL
E75480,231,84,128,342,75,62,64,91,Dark pink,NULL
872657,135,38,87,330,56,34,72,53,Dark raspberry,NULL
8B0000,139,0,0,0,100,27,100,56,Dark red,NULL
E9967A,233,150,122,15,72,70,48,91,Dark salmon,NULL
560319,86,3,25,344,93,18,97,34,Dark scarlet,NULL
8FBC8F,143,188,143,120,25,65,24,74,Dark sea green,NULL
3C1414,60,20,20,0,50,16,67,24,Dark sienna,NULL
483D8B,72,61,139,248,39,39,56,55,Dark slate blue,NULL
2F4F4F,47,79,79,180,25,25,41,31,Dark slate gray,NULL
177245,23,114,69,150,66,27,80,45,Dark spring green,NULL
918151,145,129,81,45,28,44,44,57,Dark tan,NULL
FFA812,255,168,18,38,100,54,93,100,Dark tangerine,NULL
CC4E5C,204,78,92,353,55,55,55,55,Dark terra cotta,NULL
00CED1,0,206,209,181,100,41,100,82,Dark turquoise,NULL
9400D3,148,0,211,282,100,41,100,83,Dark violet,NULL
00693E,0,105,62,155,82,28,90,50,Dartmouth green,NULL
555555,85,85,85,0,0,33,0,33,Davy's grey,NULL
D70A53,215,10,83,339,91,44,95,84,Debian red,NULL
A9203E,169,32,62,347,68,39,100,66,Deep carmine,NULL
EF3038,239,48,56,357,86,56,80,94,Deep carmine pink,NULL
E9692C,233,105,44,19,81,54,76,84,Deep carrot orange,NULL
DA3287,218,50,135,330,69,53,77,85,Deep cerise,NULL
B94E48,185,78,72,3,45,50,61,73,Deep chestnut,NULL
704241,112,66,65,1,27,35,42,44,Deep coffee,NULL
C154C1,193,84,193,300,47,54,56,76,Deep fuchsia,NULL
004B49,0,75,73,178,100,15,40,40,Deep jungle green,NULL
9955BB,153,85,187,280,43,53,55,73,Deep lilac,NULL
CC00CC,204,0,204,300,100,40,100,80,Deep magenta,NULL
FFCBA4,255,203,164,26,100,82,36,100,Deep peach,NULL
FF1493,255,20,147,328,100,54,92,100,Deep pink,NULL
FF9933,255,153,51,30,100,60,80,100,Deep saffron,NULL
1560BD,21,96,189,213,80,41,89,74,Denim,NULL
C19A6B,193,154,107,33,41,59,44,76,Desert,NULL
EDC9AF,237,201,175,25,63,81,26,93,Desert sand,NULL
696969,105,105,105,0,0,41,0,41,Dim gray,NULL
1E90FF,30,144,255,210,100,56,88,100,Dodger blue,NULL
D71868,215,24,104,335,80,47,84,82,Dogwood rose,NULL
85BB65,133,187,101,98,39,57,46,73,Dollar bill,NULL
967117,150,113,23,43,73,34,85,59,Drab,NULL
00009C,0,0,156,240,100,31,100,61,Duke blue,NULL
E1A95F,225,169,95,34,68,63,58,88,Earth yellow,NULL
C2B280,194,178,128,45,35,63,34,76,Ecru,NULL
614051,97,64,81,329,21,32,34,38,Eggplant,NULL
F0EAD6,240,234,214,46,46,89,11,94,Eggshell,NULL
1034A6,16,52,166,226,82,36,90,65,Egyptian blue,NULL
7DF9FF,125,249,255,183,100,75,51,100,Electric blue,NULL
FF003F,255,0,63,345,100,50,100,100,Electric crimson,NULL
6F00FF,111,0,255,266,100,50,100,100,Electric indigo,NULL
BF00FF,191,0,255,285,100,50,100,100,Electric purple,NULL
3F00FF,63,0,255,255,100,50,100,100,Electric ultramarine,NULL
50C878,80,200,120,140,52,55,60,78,Emerald,NULL
96C8A2,150,200,162,134,31,69,25,78,Eton blue,NULL
801818,128,24,24,0,68,30,81,50,Falu red,NULL
B53389,181,51,137,320,56,46,72,71,Fandango,NULL
E5AA70,229,170,112,30,69,67,51,90,Fawn,NULL
4D5D53,77,93,83,143,9,33,17,36,Feldgrau,NULL
4F7942,79,121,66,106,29,37,45,47,Fern green,NULL
FF2800,255,40,0,9,100,50,100,100,Ferrari Red,NULL
6C541E,108,84,30,42,57,27,72,42,Field drab,NULL
B22222,178,34,34,0,68,42,81,70,Firebrick,NULL
CE2029,206,32,41,357,81,45,92,80,Fire engine red,NULL
E25822,226,88,34,17,77,51,85,89,Flame,NULL
FC8EAC,252,142,172,344,95,77,44,99,Flamingo pink,NULL
F7E98E,247,233,142,52,87,76,41,76,Flavescent,NULL
EEDC82,238,220,130,50,76,72,45,93,Flax,NULL
FFFAF0,255,250,240,40,100,97,6,100,Floral white,NULL
CCFF00,204,255,0,72,100,50,100,100,Fluorescent yellow,NULL
FF004F,255,0,79,341,100,50,100,100,Folly,NULL
014421,1,68,33,149,97,14,99,27,Forest green (traditional),NULL
228B22,34,139,34,120,61,34,76,55,Forest green (web),NULL
0072BB,0,114,187,203,100,37,100,73,French blue,NULL
86608E,134,96,142,290,19,47,32,56,French lilac,NULL
F64A8A,246,74,138,338,91,63,70,96,French rose,NULL
FF00FF,255,0,255,300,100,48,100,100,Fuchsia,Fuchsia
FF77FF,255,119,255,300,100,73,53,100,Fuchsia pink,NULL
E48400,228,132,0,35,100,43,100,89,Fulvous,NULL
CC6666,204,102,102,0,50,60,50,80,Fuzzy Wuzzy,NULL
DCDCDC,220,220,220,0,0,86,0,86,Gainsboro,NULL
E49B0F,228,155,15,39,88,48,94,94,Gamboge,NULL
F8F8FF,248,248,255,240,100,99,3,100,Ghost white,NULL
B06500,176,101,0,34,100,35,255,88,Ginger,NULL
6082B6,96,130,182,216,37,55,47,71,Glaucous,NULL
E6E8FA,230,232,250,234,67,94,8,98,Glitter,NULL
D4AF37,212,175,55,46,65,52,74,83,Gold (metallic),NULL
FFD700,255,215,0,51,100,50,100,100,Gold (web) (Golden),Gold
996515,153,101,21,36,76,34,83,60,Golden brown,NULL
FCC200,252,194,0,46,100,49,100,99,Golden poppy,NULL
FFDF00,255,223,0,52,100,50,100,100,Golden yellow,NULL
DAA520,218,165,32,43,74,49,85,85,Goldenrod,NULL
A8E4A0,168,228,160,113,56,76,30,89,Granny Smith Apple,NULL
808080,128,128,128,0,0,50,0,50,Gray,Grey
7F7F7F,127,127,127,0,0,50,0,50,Gray (HTML/CSS gray),NULL
BEBEBE,190,190,190,0,0,75,0,75,Gray (X11 gray),NULL
465945,70,89,69,117,13,31,22,35,Gray-asparagus,NULL
1CAC78,28,172,120,158,72,39,72,78,Green (Crayola),NULL
008000,0,128,0,120,100,25,100,50,Green (HTML/CSS green),Green
00A877,0,168,119,163,100,33,100,66,Green (Munsell),NULL
009F6B,0,159,107,160,100,31,100,62,Green (NCS),NULL
00A550,0,165,80,149,100,32,100,65,Green (pigment),NULL
66B032,102,176,50,95,56,44,72,69,Green (RYB),NULL
ADFF2F,173,255,47,84,100,59,82,100,Green-yellow,NULL
A99A86,169,154,134,34,17,59,21,66,Grullo,NULL
663854,102,56,84,323,30,31,12,37,Halayà úbe,NULL
446CCF,68,108,207,223,59,54,67,81,Han blue,NULL
5218FA,82,24,250,255,96,54,90,98,Han purple,NULL
E9D66B,233,214,107,51,74,67,54,91,Hansa yellow,NULL
3FFF00,63,255,0,105,100,50,100,100,Harlequin,NULL
C90016,201,0,22,353,100,39,100,79,Harvard crimson,NULL
DA9100,218,145,0,40,100,43,100,86,Harvest Gold,NULL
DF73FF,223,115,255,286,100,73,55,100,Heliotrope,NULL
F400A1,244,0,161,320,100,48,100,96,Hollywood cerise,NULL
F0FFF0,240,255,240,120,100,97,97,97,Honeydew,NULL
0095B6,0,149,182,191,100,38,100,75,Honolulu Blue,NULL
49796B,73,121,107,163,25,38,40,48,Hooker's green,NULL
FF1DCE,255,29,206,313,100,56,89,100,Hot magenta,NULL
FF69B4,255,105,180,330,100,71,59,100,Hot pink,NULL
355E3B,53,94,59,129,28,29,44,37,Hunter green,NULL
71A6D2,113,166,210,207,52,63,46,82,Iceberg,NULL
FCF75E,252,247,94,58,96,68,63,99,Icterine,NULL
B2EC5D,178,236,93,84,79,65,61,93,Inchworm,NULL
138808,19,136,8,115,89,28,94,53,India green,NULL
CD5C5C,205,92,92,0,53,58,55,80,Indian red,NULL
E3A857,227,168,87,35,71,62,62,89,Indian yellow,NULL
00416A,0,65,106,203,100,21,100,42,Indigo (dye),NULL
4B0082,75,0,130,275,100,26,100,50,Indigo (web),NULL
002FA7,0,47,167,223,100,33,100,65,International Klein Blue,NULL
FF4F00,255,79,0,19,100,50,100,100,International orange,NULL
5A4FCF,90,79,207,245,57,56,62,81,Iris,NULL
F4F0EC,244,240,236,30,27,94,3,96,Isabelline,NULL
009000,0,144,0,120,100,28,100,56,Islamic green,NULL
FFFFF0,255,255,240,60,100,97,6,100,Ivory,NULL
00A86B,0,168,107,158,100,33,100,66,Jade,NULL
F8DE7E,248,222,126,47,90,73,49,97,Jasmine,NULL
D73B3E,215,59,62,359,66,54,73,84,Jasper,NULL
A50B5E,165,11,94,328,88,35,90,47,Jazzberry jam,NULL
BDDA57,189,218,87,73,64,60,75,85,June bud,NULL
29AB87,41,171,135,163,61,42,76,67,Jungle green,NULL
4CBB17,76,187,23,101,78,41,88,73,Kelly green,NULL
C3B091,195,176,145,37,29,67,26,76,Khaki (HTML/CSS) (Khaki),NULL
F0E68C,240,230,140,54,77,75,42,94,Khaki (X11) (Light khaki),NULL
E8000D,232,0,13,357,100,46,100,91,KU Crimson,NULL
087830,8,120,48,141,88,25,93,47,La Salle Green,NULL
D6CADD,214,202,221,278,22,83,17,82,Languid lavender,NULL
26619C,38,97,156,210,61,38,76,61,Lapis lazuli,NULL
FEFE22,254,254,34,60,99,57,86,57,Laser Lemon,NULL
A9BA9D,169,186,157,95,17,67,16,73,Laurel green,NULL
CF1020,207,16,32,355,86,44,92,81,Lava,NULL
B57EDC,181,126,220,275,57,68,43,86,Lavender (floral),NULL
FFF0F5,255,240,245,340,100,97,6,100,Lavender blush,NULL
C4C3D0,196,195,208,245,12,79,6,82,Lavender gray,NULL
9457EB,148,87,235,265,79,63,63,92,Lavender indigo,NULL
E6E6FA,230,230,250,240,67,94,8,98,Lavender mist,NULL
FBAED2,251,174,210,332,91,83,31,98,Lavender pink,NULL
967BB6,150,123,182,267,29,60,32,71,Lavender purple,NULL
FBA0E3,251,160,227,316,92,81,36,98,Lavender rose,NULL
7CFC00,124,252,0,90,100,49,98,48,Lawn green,NULL
FFF700,255,247,0,58,100,50,100,100,Lemon,NULL
FFFACD,255,250,205,54,100,90,20,100,Lemon chiffon,NULL
BFFF00,191,255,0,75,100,50,240,100,Lemon lime,NULL
FDD5B1,253,213,177,28,95,84,22,89,Light apricot,NULL
ADD8E6,173,216,230,195,53,79,24,90,Light blue,NULL
B5651D,181,101,29,28,72,41,84,71,Light brown,NULL
E66771,230,103,113,355,73,64,70,80,Light carmine pink,NULL
F08080,240,128,128,0,79,72,50,100,Light coral,NULL
93CCEA,147,204,234,201,68,77,37,92,Light cornflower blue,NULL
F56991,245,105,145,343,88,69,57,96,Light crimson,NULL
E0FFFF,224,255,255,180,100,94,12,100,Light cyan,NULL
F984EF,249,132,239,305,91,75,27,94,Light fuchsia pink,NULL
FAFAD2,250,250,210,60,80,90,16,98,Light goldenrod yellow,NULL
D3D3D3,211,211,211,0,0,83,0,83,Light gray,NULL
90EE90,144,238,144,120,73,75,39,93,Light green,NULL
B19CD9,177,156,217,261,45,73,28,85,Light pastel purple,NULL
FFB6C1,255,182,193,351,100,86,100,86,Light pink,NULL
FFA07A,255,160,122,17,100,74,62,100,Light salmon,NULL
FF9999,255,153,153,0,100,80,40,100,Light salmon pink,NULL
20B2AA,32,178,170,177,70,41,40,75,Light sea green,NULL
87CEFA,135,206,250,203,92,76,46,98,Light sky blue,NULL
778899,119,136,153,210,14,53,22,60,Light slate gray,NULL
B38B6D,179,139,109,26,32,57,39,70,Light taupe,NULL
E68FAC,230,143,172,340,64,73,72,94,Light Thulian pink,NULL
FFFFED,255,255,237,60,100,94,7,100,Light yellow,NULL
C8A2C8,200,162,200,300,26,71,19,78,Lilac,NULL
00FF00,0,255,0,120,100,50,100,100,Lime (web) (X11 green),Lime
32CD32,50,205,50,120,61,50,67,40,Lime green,NULL
195905,25,89,5,106,89,18,94,35,Lincoln green,NULL
FAF0E6,250,240,230,30,67,94,8,98,Linen,NULL
534B4F,83,75,79,330,5,31,10,33,Liver,NULL
E62020,230,32,32,0,80,51,86,90,Lust,NULL
CA1F7B,202,31,123,328,81,44,90,79,Magenta (dye),NULL
FF0090,255,0,144,326,100,50,100,100,Magenta (process),NULL
AAF0D1,170,240,209,153,70,80,84,80,Magic mint,NULL
F8F4FF,248,244,255,262,100,98,94,92,Magnolia,NULL
C04000,192,64,0,20,100,38,100,75,Mahogany,NULL
6050DC,96,80,220,247,67,59,67,59,Majorelle Blue,NULL
0BDA51,11,218,81,140,90,45,95,85,Malachite,NULL
979AAA,151,154,170,231,10,63,11,67,Manatee,NULL
FF8243,255,130,67,20,100,63,74,100,Mango Tango,NULL
74C365,116,195,101,110,44,58,48,77,Mantis,NULL
800000,128,0,0,0,100,25,100,50,Maroon (HTML/CSS),Maroon
B03060,176,48,96,338,57,44,65,42,Maroon (X11),NULL
E0B0FF,224,176,255,276,100,85,31,100,Mauve,NULL
915F6D,145,95,109,343,21,47,37,54,Mauve taupe,NULL
EF98AA,239,152,170,348,73,77,37,94,Mauvelous,NULL
73C2FB,115,194,251,205,94,72,96,87,Maya blue,NULL
E5B73B,229,183,59,44,77,57,74,90,Meat brown,NULL
66DDAA,102,221,170,154,51,60,54,87,Medium aquamarine,NULL
0000CD,0,0,205,240,100,40,100,80,Medium blue,NULL
E2062C,226,6,44,350,95,46,97,89,Medium candy apple red,NULL
AF4035,175,64,53,5,54,45,69,68,Medium carmine,NULL
035096,3,80,150,209,96,30,30,60,Medium electric blue,NULL
1C352D,28,53,45,161,31,16,20,20,Medium jungle green,NULL
BA55D3,186,85,211,288,59,58,60,83,Medium orchid,NULL
0067A5,0,103,165,203,100,32,75,48,Medium Persian blue,NULL
9370DB,147,112,219,260,60,65,68,72,Medium purple,NULL
BB3385,187,51,133,324,57,47,79,83,Medium red-violet,NULL
3CB371,60,179,113,147,50,47,42,30,Medium sea green,NULL
7B68EE,123,104,238,249,80,67,56,93,Medium slate blue,NULL
C9DC87,201,220,135,73,54,70,70,80,Medium spring bud,NULL
00FA9A,0,250,154,157,100,49,97,97,Medium spring green,NULL
674C47,103,76,71,9,18,34,31,40,Medium taupe,NULL
0054B4,0,84,180,212,100,35,100,71,Medium teal blue,NULL
48D1CC,72,209,204,178,60,55,55,50,Medium turquoise,NULL
FDBCB4,253,188,180,7,95,85,29,99,Melon,NULL
191970,25,25,112,240,64,27,78,44,Midnight blue,NULL
004953,0,73,83,187,100,16,100,33,Midnight green (eagle green),NULL
FFC40C,255,196,12,45,100,52,95,100,Mikado yellow,NULL
3EB489,62,180,137,158,49,48,66,71,Mint,NULL
F5FFFA,245,255,250,150,100,98,4,100,Mint cream,NULL
98FF98,152,255,152,120,100,80,40,100,Mint green,NULL
FFE4E1,255,228,225,6,100,94,37,94,Misty rose,NULL
FAEBD7,250,235,215,34,78,91,14,98,Moccasin,NULL
73A9C2,115,169,194,199,39,61,41,76,Moonstone blue,NULL
AE0C00,174,12,0,4,100,34,100,68,Mordant red 19,NULL
ADDFAD,173,223,173,120,44,78,22,87,Moss green,NULL
30BA8F,48,186,143,161,59,46,74,73,Mountain Meadow,NULL
997A8D,153,122,141,323,13,54,20,60,Mountbatten pink,NULL
C54B8C,197,75,140,328,51,53,67,70,Mulberry,NULL
F2F3F4,242,243,244,210,8,95,1,96,Munsell,NULL
FFDB58,255,219,88,47,100,67,65,100,Mustard,NULL
21421E,33,66,30,115,38,19,54,26,Myrtle,NULL
18453B,24,69,59,167,48,18,65,27,MSU Green,NULL
F6ADC6,246,173,198,339,80,82,30,96,Nadeshiko pink,NULL
2A8000,42,128,0,100,100,25,100,50,Napier green,NULL
FADA5E,250,218,94,48,94,68,62,98,Naples yellow,NULL
FFDEAD,255,222,173,36,100,84,27,100,Navajo white,NULL
000080,0,0,128,240,100,25,100,50,Navy blue,NULL
FFA343,255,163,67,31,100,63,74,100,Neon Carrot,NULL
FE59C2,254,89,194,322,99,63,65,100,Neon fuchsia,NULL
39FF14,57,255,20,111,84,48,92,100,Neon green,NULL
A4DDED,164,221,237,193,67,79,31,93,Non-photo blue,NULL
059033,5,144,51,140,93,29,97,56,North Texas Green,NULL
0077BE,0,119,190,202,100,37,83,80,Ocean Boat Blue,NULL
CC7722,204,119,34,30,71,47,83,80,Ochre,NULL
CFB53B,207,181,59,49,61,52,71,81,Old gold,NULL
FDF5E6,253,245,230,39,85,95,6,100,Old lace,NULL
796878,121,104,120,304,8,44,3,22,Old lavender,NULL
673147,103,49,71,336,36,30,52,40,Old mauve,NULL
C08081,192,128,129,359,34,63,59,57,Old rose,NULL
808000,128,128,0,60,100,25,100,50,Olive,NULL
6B8E23,107,142,35,80,61,35,75,56,Olive Drab (web) (Olive Drab #3),NULL
3C341F,60,52,31,43,32,18,81,46,Olive Drab #7,NULL
9AB973,154,185,115,87,33,59,80,141,Olivine,NULL
0F0F0F,15,15,15,0,0,6,0,6,Onyx,NULL
B784A7,183,132,167,319,26,62,20,62,Opera mauve,NULL
FF7F00,255,127,0,30,100,50,100,100,Orange (Color Wheel),NULL
FB9902,251,153,2,36,98,50,100,73,Orange (RYB),NULL
FFA500,255,165,0,39,100,50,100,100,Orange (web color),NULL
FF9F00,255,159,0,37,100,50,100,100,Orange peel,NULL
FF4500,255,69,0,16,100,50,100,52,Orange-red,NULL
DA70D6,218,112,214,302,59,65,49,85,Orchid,NULL
654321,101,67,33,30,51,26,67,40,Otter brown,NULL
414A4C,65,74,76,191,8,28,15,30,Outer Space,NULL
FF6E4A,255,110,74,12,100,65,71,100,Outrageous Orange,NULL
002147,0,33,71,212,100,14,100,28,Oxford Blue,NULL
006600,0,102,0,120,100,20,100,40,Pakistan green,NULL
273BE2,39,59,226,234,76,52,84,77,Palatinate blue,NULL
682860,104,40,96,308,44,28,47,44,Palatinate purple,NULL
AFEEEE,175,238,238,180,65,81,26,93,Pale blue,NULL
987654,152,118,84,30,29,46,45,60,Pale brown,NULL
9BC4E2,155,196,226,205,55,75,31,89,Pale cerulean,NULL
DDADAF,221,173,175,358,41,77,22,87,Pale chestnut,NULL
DA8A67,218,138,103,18,61,63,53,85,Pale copper,NULL
ABCDEF,171,205,239,210,68,80,28,94,Pale cornflower blue,NULL
E6BE8A,230,190,138,34,65,72,47,82,Pale gold,NULL
EEE8AA,238,232,170,55,67,80,29,93,Pale goldenrod,NULL
98FB98,152,251,152,120,93,79,39,98,Pale green,NULL
DCD0FF,220,208,255,255,100,91,18,100,Pale lavender,NULL
F984E5,249,132,229,310,91,75,47,98,Pale magenta,NULL
FADADD,250,218,221,354,76,92,13,98,Pale pink,NULL
DB7093,219,112,147,340,60,65,49,86,Pale red-violet,NULL
96DED1,150,222,209,169,52,73,32,87,Pale robin egg blue,NULL
C9C0BB,201,192,187,21,12,76,0,80,Pale silver,NULL
ECEBBD,236,235,189,59,55,83,60,90,Pale spring bud,NULL
BC987E,188,152,126,25,32,62,33,74,Pale taupe,NULL
78184A,120,24,74,329,67,28,36,27,Pansy purple,NULL
FFEFD5,255,239,213,37,100,92,16,100,Papaya whip,NULL
AEC6CF,174,198,207,196,26,75,16,81,Pastel blue,NULL
836953,131,105,83,28,22,42,37,51,Pastel brown,NULL
CFCFC4,207,207,196,60,10,79,5,81,Pastel gray,NULL
77DD77,119,221,119,120,60,67,46,87,Pastel green,NULL
F49AC2,244,154,194,333,80,78,37,96,Pastel magenta,NULL
FFB347,255,179,71,35,100,64,72,100,Pastel orange,NULL
FFD1DC,255,209,220,346,100,91,18,100,Pastel pink,NULL
B39EB5,179,158,181,295,14,67,13,71,Pastel purple,NULL
FF6961,255,105,97,3,100,69,62,100,Pastel red,NULL
CB99C9,203,153,201,302,33,70,25,80,Pastel violet,NULL
FDFD96,253,253,150,60,96,79,41,99,Pastel yellow,NULL
536878,83,104,120,206,18,40,31,47,Payne's grey,NULL
FFE5B4,255,229,180,39,100,85,29,100,Peach,NULL
FFCC99,255,204,153,30,100,80,40,100,Peach-orange,NULL
FFDAB9,255,218,185,28,100,86,29,100,Peach puff,NULL
FADFAD,250,223,173,39,89,83,31,98,Peach-yellow,NULL
D1E231,209,226,49,66,75,54,78,89,Pear,NULL
EAE0C8,234,224,200,42,45,85,15,92,Pearl,NULL
88D8C0,136,216,192,162,51,69,37,85,Pearl Aqua,NULL
E6E200,230,226,0,59,100,45,100,90,Peridot,NULL
CCCCFF,204,204,255,240,100,90,20,100,Periwinkle,NULL
1C39BB,28,57,187,229,74,42,75,50,Persian blue,NULL
00A693,0,166,147,173,100,33,75,60,Persian green,NULL
32127A,50,18,122,258,74,28,85,49,Persian indigo,NULL
D99058,217,144,88,26,63,60,59,85,Persian orange,NULL
F77FBE,247,127,190,329,88,73,72,77,Persian pink,NULL
CC3333,204,51,51,0,60,50,50,50,Persian red,NULL
FE28A2,254,40,162,326,99,58,96,88,Persian rose,NULL
EC5800,236,88,0,22,100,46,85,94,Persimmon,NULL
CD853F,205,133,63,30,59,53,69,80,Peru,NULL
DF00FF,223,0,255,292,100,50,100,100,Phlox,NULL
000F89,0,15,137,233,100,27,100,54,Phthalo blue,NULL
123524,18,53,36,151,49,14,66,21,Phthalo green,NULL
FDDDE6,253,221,230,343,89,93,13,99,Piggy pink,NULL
01796F,1,121,111,175,98,24,99,47,Pine green,NULL
FFC0CB,255,192,203,350,100,88,25,100,Pink,NULL
E7ACCF,231,172,207,324,55,79,26,91,Pink pearl,NULL
F78FA7,247,143,167,346,87,77,42,97,Pink Sherbet,NULL
93C572,147,197,114,96,42,61,42,77,Pistachio,NULL
E5E4E2,229,228,226,40,6,89,1,90,Platinum,NULL
8E4585,142,69,133,307,35,41,51,56,Plum (traditional),NULL
DDA0DD,221,160,221,300,33,70,28,87,Plum (web),NULL
FF5A36,255,90,54,11,100,61,79,100,Portland Orange,NULL
B0E0E6,176,224,230,187,52,80,70,90,Powder blue (web),NULL
FF8F00,255,143,0,34,100,50,100,100,Princeton orange,NULL
701C1C,112,28,28,0,60,28,75,44,Prune,NULL
003153,0,49,83,205,100,16,100,33,Prussian blue,NULL
CC8899,204,136,153,345,40,67,33,80,Puce,NULL
FF7518,255,117,24,24,100,55,90,100,Pumpkin,NULL
800080,128,0,128,300,100,25,100,50,Purple (HTML/CSS),Purple
9F00C5,159,0,197,288,100,39,100,77,Purple (Munsell),NULL
69359C,105,53,156,270,49,41,66,61,Purple Heart,NULL
9678B6,150,120,182,269,30,59,34,71,Purple mountain majesty,NULL
FE4EDA,254,78,218,312,99,65,69,100,Purple pizzazz,NULL
50404D,80,64,77,311,11,28,19,33,Purple taupe,NULL
51484F,81,72,79,313,6,30,84,84,Quartz,NULL
5D8AA8,93,138,168,204,30,51,45,66,Rackley,NULL
FF355E,255,53,94,348,100,60,84,84,Radical Red,NULL
E30B5D,227,11,93,337,91,47,95,89,Raspberry,NULL
E25098,226,80,152,330,72,60,65,89,Raspberry pink,NULL
B3446C,179,68,108,338,45,48,62,70,Raspberry rose,NULL
826644,130,102,68,33,31,39,48,51,Raw umber,NULL
FF33CC,255,51,204,315,100,60,51,204,Razzle dazzle rose,NULL
E3256B,227,37,107,338,77,52,84,89,Razzmatazz,NULL
FF0000,255,0,0,0,100,50,100,100,Red,Red
F2003C,242,0,60,345,100,48,100,95,Red (Munsell),NULL
C40233,196,2,51,345,98,39,88,93,Red (NCS),NULL
ED1C24,237,28,36,358,85,52,100,65,Red (pigment),NULL
FE2712,254,39,18,5,99,53,100,87,Red (RYB),NULL
C71585,199,21,133,322,81,43,89,78,Red-violet,NULL
522D80,82,45,128,267,48,34,65,50,Regalia,NULL
004040,0,64,64,180,100,13,100,25,Rich black,NULL
F1A7FE,241,167,254,291,98,83,34,100,Rich brilliant lavender,NULL
D70040,215,0,64,342,100,42,94,44,Rich carmine,NULL
0892D0,8,146,208,199,93,42,35,75,Rich electric blue,NULL
A76BCF,167,107,207,276,51,59,78,47,Rich lavender,NULL
B666D2,182,102,210,284,55,61,51,82,Rich lilac,NULL
414833,65,72,51,80,17,24,29,28,Rifle green,NULL
00CCCC,0,204,204,180,100,40,100,80,Robin egg blue,NULL
FF007F,255,0,127,330,100,50,100,100,Rose,NULL
F9429E,249,66,158,330,94,62,74,98,Rose bonbon,NULL
674846,103,72,70,4,18,34,17,20,Rose ebony,NULL
B76E79,183,110,121,351,34,58,32,62,Rose gold,NULL
FF66CC,255,102,204,320,100,70,77,84,Rose pink,NULL
AA98A9,170,152,169,303,10,63,12,50,Rose quartz,NULL
905D5D,144,93,93,0,22,47,42,46,Rose taupe,NULL
AB4E52,171,78,82,357,37,49,54,67,Rose vale,NULL
65000B,101,0,11,353,100,20,75,7,Rosewood,NULL
D40000,212,0,0,0,100,42,100,83,Rosso corsa,NULL
BC8F8F,188,143,143,0,25,65,25,63,Rosy brown,NULL
0038A8,0,56,168,220,100,33,100,66,Royal azure,NULL
002366,0,35,102,219,100,20,100,20,Royal blue (traditional),NULL
4169E1,65,105,225,225,73,57,71,88,Royal blue (web),NULL
CA2C92,202,44,146,321,64,48,67,44,Royal fuchsia,NULL
7851A9,120,81,169,267,35,49,52,66,Royal purple,NULL
E0115F,224,17,95,337,86,47,92,88,Ruby,NULL
FF0028,255,0,40,351,100,50,100,100,Ruddy,NULL
BB6528,187,101,40,25,65,45,79,73,Ruddy brown,NULL
E18E96,225,142,150,354,58,72,37,88,Ruddy pink,NULL
A81C07,168,28,7,8,92,34,96,66,Rufous,NULL
80461B,128,70,27,26,65,30,78,50,Russet,NULL
B7410E,183,65,14,18,86,39,92,72,Rust,NULL
00563F,0,86,63,164,100,17,100,34,Sacramento State green,NULL
8B4513,139,69,19,25,76,31,86,55,Saddle brown,NULL
FF6700,255,103,0,24,100,50,100,100,Safety orange (blaze orange),NULL
F4C430,244,196,48,45,90,57,80,96,Saffron,NULL
23297A,35,41,122,236,55,31,0,52,St. Patrick's blue,NULL
FF8C69,255,140,105,14,100,71,59,100,Salmon,NULL
FF91A4,255,145,164,350,100,78,62,100,Salmon pink,NULL
ECD540,236,213,64,52,82,59,73,93,Sandstorm,NULL
F4A460,244,164,96,28,87,67,61,96,Sandy brown,NULL
92000A,146,0,10,356,100,29,100,57,Sangria,NULL
507D2A,80,125,42,93,50,33,66,49,Sap green,NULL
0F52BA,15,82,186,216,85,39,91,73,Sapphire,NULL
CBA135,203,161,53,43,59,50,74,76,Satin sheen gold,NULL
FF2400,255,36,0,8,100,50,100,100,Scarlet,NULL
FFD800,255,216,0,51,100,50,100,100,School bus yellow,NULL
76FF7A,118,255,122,122,100,72,54,100,Screamin' Green,NULL
006994,0,105,148,197,100,50,100,100,Sea blue,NULL
2E8B57,46,139,87,146,100,50,77,55,Sea green,NULL
321414,50,20,20,0,43,14,60,20,Seal brown,NULL
FFF5EE,255,245,238,25,100,97,7,100,Seashell,NULL
FFBA00,255,186,0,44,100,50,100,100,Selective yellow,NULL
704214,112,66,20,30,70,26,82,44,Sepia,NULL
8A795D,138,121,93,37,20,45,33,54,Shadow,NULL
009E60,0,158,96,156,100,31,91,75,Shamrock green,NULL
FC0FC0,252,15,192,315,98,52,94,99,Shocking pink,NULL
882D17,136,45,23,12,71,31,83,53,Sienna,NULL
C0C0C0,192,192,192,0,0,75,0,75,Silver,Silver
CB410B,203,65,11,17,90,42,95,80,Sinopia,NULL
007474,0,116,116,180,100,24,97,44,Skobeloff,NULL
87CEEB,135,206,235,197,71,73,67,96,Sky blue,NULL
CF71AF,207,113,175,320,50,63,87,54,Sky magenta,NULL
6A5ACD,106,90,205,248,54,58,56,80,Slate blue,NULL
708090,112,128,144,210,13,50,22,56,Slate gray,NULL
003399,0,51,153,220,100,30,70,60,Smalt (Dark powder blue),NULL
933D41,147,61,65,357,90,30,59,58,Smokey topaz,NULL
100C08,16,12,8,30,33,5,50,6,Smoky black,NULL
FFFAFA,255,250,250,0,100,99,1,100,Snow,NULL
0FC0FC,15,192,252,195,98,52,94,99,Spiro Disco Ball,NULL
A7FC00,167,252,0,80,100,49,90,63,Spring bud,NULL
00FF7F,0,255,127,150,54,83,100,100,Spring green,NULL
4682B4,70,130,180,207,44,49,61,71,Steel blue,NULL
E4D96F,228,217,111,54,68,67,51,89,Straw,NULL
FFCC33,255,204,51,45,100,60,99,98,Sunglow,NULL
FAD6A5,250,214,165,35,90,81,34,98,Sunset,NULL
D2B48C,210,180,140,34,44,69,33,82,Tan,Tan
F94D00,249,77,0,19,100,49,100,90,Tangelo,NULL
F28500,242,133,0,33,100,48,100,95,Tangerine,NULL
FFCC00,255,204,0,48,100,50,100,100,Tangerine yellow,NULL
483C32,72,60,50,27,18,24,17,34,Taupe,NULL
8B8589,139,133,137,320,3,53,1,60,Taupe gray,NULL
D0F0C0,208,240,192,100,62,85,20,94,Tea green,NULL
F4C2C2,244,194,194,0,69,86,20,96,Tea rose (rose),NULL
008080,0,128,128,180,100,25,100,50,Teal,Teal
367588,54,117,136,194,43,37,50,53,Teal blue,NULL
006D5B,0,109,91,170,100,26,100,47,Teal green,NULL
CD5700,205,87,0,25,100,40,100,80,Tenné (Tawny),NULL
E2725B,226,114,91,10,70,62,60,89,Terra cotta,NULL
D8BFD8,216,191,216,300,24,80,12,85,Thistle,NULL
DE6FA1,222,111,161,333,63,65,82,92,Thulian pink,NULL
FC89AC,252,137,172,342,95,76,46,99,Tickle Me Pink,NULL
0ABAB5,10,186,181,178,90,38,95,73,Tiffany Blue,NULL
E08D3C,224,141,60,30,73,56,73,88,Tiger's eye,NULL
DBD7D2,219,215,210,33,11,84,4,86,Timberwolf,NULL
EEE600,238,230,0,58,100,47,100,93,Titanium yellow,NULL
FF6347,255,99,71,9,100,64,75,50,Tomato,NULL
746CC0,116,108,192,246,40,59,102,150,Toolbox,NULL
FFC87C,255,200,124,35,100,74,84,84,Topaz,NULL
FD0E35,253,14,53,350,98,52,94,99,Tractor red,NULL
00755E,0,117,94,168,100,23,70,60,Tropical rain forest,NULL
0073CF,0,115,207,207,100,41,100,81,True Blue,NULL
417DC1,65,125,193,212,58,55,70,100,Tufts Blue,NULL
DEAA88,222,170,136,24,57,70,39,87,Tumbleweed,NULL
B57281,181,114,129,347,31,58,100,25,Turkish rose,NULL
30D5C8,48,213,200,175,66,51,77,84,Turquoise,Turquoise
00FFEF,0,255,239,176,100,50,100,100,Turquoise blue,NULL
A0D6B4,160,214,180,142,40,73,25,84,Turquoise green,NULL
66424D,102,66,77,342,21,33,35,40,Tuscan red,NULL
8A496B,138,73,107,329,31,41,47,89,Twilight lavender,NULL
66023C,102,2,60,325,96,20,67,44,Tyrian purple,NULL
0033AA,0,51,170,222,100,33,100,67,UA blue,NULL
D9004C,217,0,76,339,100,43,100,85,UA red,NULL
8878C3,136,120,195,253,39,62,39,77,Ube,NULL
536895,83,104,149,221,28,46,44,58,UCLA Blue,NULL
FFB300,255,179,0,42,100,50,100,100,UCLA Gold,NULL
3CD070,60,208,112,141,61,53,71,82,UFO Green,NULL
120A8F,18,10,143,244,87,30,93,56,Ultramarine,NULL
4166F5,65,102,245,228,90,61,74,96,Ultramarine blue,NULL
FF6FFF,255,111,255,300,100,72,48,83,Ultra pink,NULL
635147,99,81,71,21,17,33,28,39,Umber,NULL
5B92E5,91,146,229,216,73,63,60,90,United Nations blue,NULL
B78727,183,135,39,40,65,44,79,72,University of California Gold,NULL
FFFF66,255,255,102,60,100,70,60,100,Unmellow Yellow,NULL
7B1113,123,17,19,359,76,28,86,48,UP Maroon,NULL
AE2029,174,32,41,356,78,38,82,68,Upsdell red,NULL
E1AD21,225,173,33,44,76,51,85,88,Urobilin,NULL
990000,153,0,0,0,100,30,100,60,USC Cardinal,NULL
D3003F,211,0,63,342,100,41,100,83,Utah Crimson,NULL
F3E5AB,243,229,171,48,75,81,30,95,Vanilla,NULL
C5B358,197,179,88,50,48,56,55,77,Vegas gold,NULL
C80815,200,8,21,356,92,41,84,84,Venetian red,NULL
43B3AE,67,179,174,177,46,48,63,70,Verdigris,NULL
E34234,227,66,52,5,76,55,77,89,Vermilion,NULL
A020F0,160,32,240,277,83,65,97,77,Veronica,NULL
8F00FF,143,0,255,274,100,50,100,100,Violet,NULL
7F00FF,127,0,255,270,100,50,100,100,Violet (color wheel),NULL
8601AF,134,1,175,286,99,35,100,71,Violet (RYB),NULL
EE82EE,238,130,238,300,76,72,45,93,Violet (web),NULL
40826D,64,130,109,161,34,38,51,51,Viridian,NULL
922724,146,39,36,2,61,36,72,52,Vivid auburn,NULL
9F1D35,159,29,53,349,69,37,55,60,Vivid burgundy,NULL
DA1D81,218,29,129,328,77,48,87,86,Vivid cerise,NULL
FFA089,255,160,137,12,100,77,46,100,Vivid tangerine,NULL
9F00FF,159,0,255,277,100,50,100,100,Vivid violet,NULL
004242,0,66,66,180,100,13,100,26,Warm black,NULL
645452,100,84,82,7,10,36,18,39,Wenge,NULL
F5DEB3,245,222,179,39,77,83,26,96,Wheat,NULL
FFFFFF,255,255,255,0,0,100,0,100,White,White
F5F5F5,245,245,245,0,0,96,0,96,White smoke,NULL
A2ADD0,162,173,208,226,33,73,22,81,Wild blue yonder,NULL
FF43A4,255,67,164,329,100,63,74,100,Wild Strawberry,NULL
FC6C85,252,108,133,350,96,71,57,99,Wild Watermelon,NULL
722F37,114,47,55,353,42,32,59,45,Wine,NULL
C9A0DC,201,160,220,281,46,75,27,86,Wisteria,NULL
738678,115,134,120,136,8,49,14,52,Xanadu,NULL
0F4D92,15,77,146,212,81,32,90,57,Yale Blue,NULL
FFFF00,255,255,0,60,100,50,100,100,Yellow,Yellow
EFCC00,239,204,0,51,100,47,100,100,Yellow (Munsell),NULL
FFD300,255,211,0,50,100,50,100,100,Yellow (NCS),NULL
FEFE33,254,254,51,60,99,60,80,99,Yellow (RYB),NULL
9ACD32,154,205,50,80,61,50,76,80,Yellow-green,NULL
FFAE42,255,174,66,34,100,63,74,100,Yellow Orange,NULL
0014A8,0,20,168,233,100,33,100,66,Zaffre,NULL
2C1608,44,22,8,23,69,10,82,17,Zinnwaldite brown,NULL
